id,label
1,deer
10,deer
100,deer
1000,deer
1001,deer
1002,deer
1003,deer
1004,deer
1005,deer
1006,deer
1007,deer
1008,deer
1009,deer
101,deer
1010,deer
1011,deer
1012,deer
1013,deer
1014,deer
1015,deer
1016,deer
1017,deer
1018,deer
1019,deer
102,deer
1020,deer
1021,deer
1022,deer
1023,deer
1024,deer
1025,deer
1026,deer
1027,deer
1028,deer
1029,deer
103,deer
1030,deer
1031,deer
1032,deer
1033,deer
1034,deer
1035,deer
1036,deer
1037,deer
1038,deer
1039,deer
104,deer
1040,deer
1041,deer
1042,deer
1043,deer
1044,deer
1045,deer
1046,deer
1047,deer
1048,deer
1049,deer
105,deer
1050,deer
1051,deer
1052,deer
1053,deer
1054,deer
1055,deer
1056,deer
1057,deer
1058,deer
1059,deer
106,deer
1060,deer
1061,deer
1062,deer
1063,deer
1064,deer
1065,deer
1066,deer
1067,deer
1068,deer
1069,deer
107,deer
1070,deer
1071,deer
1072,deer
1073,deer
1074,deer
1075,deer
1076,deer
1077,deer
1078,deer
1079,deer
108,deer
1080,deer
1081,deer
1082,deer
1083,deer
1084,deer
1085,deer
1086,deer
1087,deer
1088,deer
1089,deer
109,deer
1090,deer
1091,deer
1092,deer
1093,deer
1094,deer
1095,deer
1096,deer
1097,deer
1098,deer
1099,deer
11,deer
110,deer
1100,deer
1101,deer
1102,deer
1103,deer
1104,deer
1105,deer
1106,deer
1107,deer
1108,deer
1109,deer
111,deer
1110,deer
1111,deer
1112,deer
1113,deer
1114,deer
1115,deer
1116,deer
1117,deer
1118,deer
1119,deer
112,deer
1120,deer
1121,deer
1122,deer
1123,deer
1124,deer
1125,deer
1126,deer
1127,deer
1128,deer
1129,deer
113,deer
1130,deer
1131,deer
1132,deer
1133,deer
1134,deer
1135,deer
1136,deer
1137,deer
1138,deer
1139,deer
114,deer
1140,deer
1141,deer
1142,deer
1143,deer
1144,deer
1145,deer
1146,deer
1147,deer
1148,deer
1149,deer
115,deer
1150,deer
1151,deer
1152,deer
1153,deer
1154,deer
1155,deer
1156,deer
1157,deer
1158,deer
1159,deer
116,deer
1160,deer
1161,deer
1162,deer
1163,deer
1164,deer
1165,deer
1166,deer
1167,deer
1168,deer
1169,deer
117,deer
1170,deer
1171,deer
1172,deer
1173,deer
1174,deer
1175,deer
1176,deer
1177,deer
1178,deer
1179,deer
118,deer
1180,deer
1181,deer
1182,deer
1183,deer
1184,deer
1185,deer
1186,deer
1187,deer
1188,deer
1189,deer
119,deer
1190,deer
1191,deer
1192,deer
1193,deer
1194,deer
1195,deer
1196,deer
1197,deer
1198,deer
1199,deer
12,deer
120,deer
1200,deer
1201,deer
1202,deer
1203,deer
1204,deer
1205,deer
1206,deer
1207,deer
1208,deer
1209,deer
121,deer
1210,deer
1211,deer
1212,deer
1213,deer
1214,deer
1215,deer
1216,deer
1217,deer
1218,deer
1219,deer
122,deer
1220,deer
1221,deer
1222,deer
1223,deer
1224,deer
1225,deer
1226,deer
1227,deer
1228,deer
1229,deer
123,deer
1230,deer
1231,deer
1232,deer
1233,deer
1234,deer
1235,deer
1236,deer
1237,deer
1238,deer
1239,deer
124,deer
1240,deer
1241,deer
1242,deer
1243,deer
1244,deer
1245,deer
1246,deer
1247,deer
1248,deer
1249,deer
125,deer
1250,deer
1251,deer
1252,deer
1253,deer
1254,deer
1255,deer
1256,deer
1257,deer
1258,deer
1259,deer
126,deer
1260,deer
1261,deer
1262,deer
1263,deer
1264,deer
1265,deer
1266,deer
1267,deer
1268,deer
1269,deer
127,deer
1270,deer
1271,deer
1272,deer
1273,deer
1274,deer
1275,deer
1276,deer
1277,deer
1278,deer
1279,deer
128,deer
1280,deer
1281,deer
1282,deer
1283,deer
1284,deer
1285,deer
1286,deer
1287,deer
1288,deer
1289,deer
129,deer
1290,deer
1291,deer
1292,deer
1293,deer
1294,deer
1295,deer
1296,deer
1297,deer
1298,deer
1299,deer
13,deer
130,deer
1300,deer
1301,deer
1302,deer
1303,deer
1304,deer
1305,deer
1306,deer
1307,deer
1308,deer
1309,deer
131,deer
1310,deer
1311,deer
1312,deer
1313,deer
1314,deer
1315,deer
1316,deer
1317,deer
1318,deer
1319,deer
132,deer
1320,deer
1321,deer
1322,deer
1323,deer
1324,deer
1325,deer
1326,deer
1327,deer
1328,deer
1329,deer
133,deer
1330,deer
1331,deer
1332,deer
1333,deer
1334,deer
1335,deer
1336,deer
1337,deer
1338,deer
1339,deer
134,deer
1340,deer
1341,deer
1342,deer
1343,deer
1344,deer
1345,deer
1346,deer
1347,deer
1348,deer
1349,deer
135,deer
1350,deer
1351,deer
1352,deer
1353,deer
1354,deer
1355,deer
1356,deer
1357,deer
1358,deer
1359,deer
136,deer
1360,deer
1361,deer
1362,deer
1363,deer
1364,deer
1365,deer
1366,deer
1367,deer
1368,deer
1369,deer
137,deer
1370,deer
1371,deer
1372,deer
1373,deer
1374,deer
1375,deer
1376,deer
1377,deer
1378,deer
1379,deer
138,deer
1380,deer
1381,deer
1382,deer
1383,deer
1384,deer
1385,deer
1386,deer
1387,deer
1388,deer
1389,deer
139,deer
1390,deer
1391,deer
1392,deer
1393,deer
1394,deer
1395,deer
1396,deer
1397,deer
1398,deer
1399,deer
14,deer
140,deer
1400,deer
1401,deer
1402,deer
1403,deer
1404,deer
1405,deer
1406,deer
1407,deer
1408,deer
1409,deer
141,deer
1410,deer
1411,deer
1412,deer
1413,deer
1414,deer
1415,deer
1416,deer
1417,deer
1418,deer
1419,deer
142,deer
1420,deer
1421,deer
1422,deer
1423,deer
1424,deer
1425,deer
1426,deer
1427,deer
1428,deer
1429,deer
143,deer
1430,deer
1431,deer
1432,deer
1433,deer
1434,deer
1435,deer
1436,deer
1437,deer
1438,deer
1439,deer
144,deer
1440,deer
1441,deer
1442,deer
1443,deer
1444,deer
1445,deer
1446,deer
1447,deer
1448,deer
1449,deer
145,deer
1450,deer
1451,deer
1452,deer
1453,deer
1454,deer
1455,deer
1456,deer
1457,deer
1458,deer
1459,deer
146,deer
1460,deer
1461,deer
1462,deer
1463,deer
1464,deer
1465,deer
1466,deer
1467,deer
1468,deer
1469,deer
147,deer
1470,deer
1471,deer
1472,deer
1473,deer
1474,deer
1475,deer
1476,deer
1477,deer
1478,deer
1479,deer
148,deer
1480,deer
1481,deer
1482,deer
1483,deer
1484,deer
1485,deer
1486,deer
1487,deer
1488,deer
1489,deer
149,deer
1490,deer
1491,deer
1492,deer
1493,deer
1494,deer
1495,deer
1496,deer
1497,deer
1498,deer
1499,deer
15,deer
150,deer
1500,deer
1501,deer
1502,deer
1503,deer
1504,deer
1505,deer
1506,deer
1507,deer
1508,deer
1509,deer
151,deer
1510,deer
1511,deer
1512,deer
1513,deer
1514,deer
1515,deer
1516,deer
1517,deer
1518,deer
1519,deer
152,deer
1520,deer
1521,deer
1522,deer
1523,deer
1524,deer
1525,deer
1526,deer
1527,deer
1528,deer
1529,deer
153,deer
1530,deer
1531,deer
1532,deer
1533,deer
1534,frog
1535,deer
1536,deer
1537,deer
1538,deer
1539,deer
154,deer
1540,deer
1541,deer
1542,deer
1543,deer
1544,deer
1545,deer
1546,deer
1547,deer
1548,deer
1549,deer
155,deer
1550,deer
1551,deer
1552,deer
1553,deer
1554,deer
1555,deer
1556,deer
1557,deer
1558,deer
1559,deer
156,deer
1560,deer
1561,deer
1562,deer
1563,deer
1564,deer
1565,deer
1566,deer
1567,deer
1568,deer
1569,deer
157,deer
1570,deer
1571,deer
1572,deer
1573,deer
1574,deer
1575,deer
1576,deer
1577,deer
1578,deer
1579,deer
158,deer
1580,deer
1581,deer
1582,deer
1583,deer
1584,deer
1585,deer
1586,deer
1587,deer
1588,deer
1589,deer
159,deer
1590,deer
1591,deer
1592,deer
1593,deer
1594,deer
1595,deer
1596,deer
1597,deer
1598,deer
1599,deer
16,deer
160,deer
1600,deer
1601,deer
1602,deer
1603,deer
1604,deer
1605,deer
1606,deer
1607,deer
1608,deer
1609,deer
161,deer
1610,deer
1611,deer
1612,deer
1613,deer
1614,deer
1615,deer
1616,deer
1617,deer
1618,deer
1619,deer
162,deer
1620,deer
1621,deer
1622,deer
1623,deer
1624,deer
1625,deer
1626,deer
1627,deer
1628,deer
1629,deer
163,deer
1630,deer
1631,deer
1632,deer
1633,deer
1634,deer
1635,deer
1636,deer
1637,deer
1638,deer
1639,deer
164,deer
1640,deer
1641,deer
1642,deer
1643,deer
1644,deer
1645,deer
1646,deer
1647,deer
1648,deer
1649,deer
165,deer
1650,deer
1651,deer
1652,deer
1653,deer
1654,deer
1655,deer
1656,deer
1657,deer
1658,deer
1659,deer
166,deer
1660,deer
1661,deer
1662,deer
1663,deer
1664,deer
1665,deer
1666,deer
1667,deer
1668,deer
1669,deer
167,deer
1670,deer
1671,deer
1672,deer
1673,deer
1674,deer
1675,deer
1676,deer
1677,deer
1678,deer
1679,deer
168,deer
1680,deer
1681,deer
1682,deer
1683,deer
1684,deer
1685,deer
1686,deer
1687,deer
1688,deer
1689,deer
169,deer
1690,deer
1691,deer
1692,deer
1693,deer
1694,deer
1695,deer
1696,deer
1697,deer
1698,deer
1699,deer
17,deer
170,deer
1700,deer
1701,deer
1702,deer
1703,deer
1704,deer
1705,deer
1706,deer
1707,deer
1708,deer
1709,deer
171,deer
1710,deer
1711,deer
1712,deer
1713,deer
1714,deer
1715,deer
1716,deer
1717,deer
1718,deer
1719,deer
172,deer
1720,deer
1721,deer
1722,deer
1723,deer
1724,deer
1725,deer
1726,deer
1727,deer
1728,deer
1729,deer
173,deer
1730,deer
1731,deer
1732,deer
1733,deer
1734,deer
1735,deer
1736,deer
1737,deer
1738,deer
1739,deer
174,deer
1740,deer
1741,deer
1742,deer
1743,deer
1744,deer
1745,deer
1746,deer
1747,deer
1748,deer
1749,deer
175,deer
1750,deer
1751,deer
1752,deer
1753,deer
1754,deer
1755,deer
1756,deer
1757,deer
1758,deer
1759,deer
176,deer
1760,deer
1761,deer
1762,deer
1763,deer
1764,deer
1765,deer
1766,deer
1767,deer
1768,deer
1769,deer
177,deer
1770,deer
1771,deer
1772,deer
1773,deer
1774,deer
1775,deer
1776,deer
1777,deer
1778,deer
1779,deer
178,deer
1780,deer
1781,deer
1782,deer
1783,deer
1784,deer
1785,deer
1786,deer
1787,deer
1788,deer
1789,deer
179,deer
1790,deer
1791,deer
1792,deer
1793,deer
1794,deer
1795,deer
1796,deer
1797,deer
1798,deer
1799,deer
18,deer
180,deer
1800,deer
1801,deer
1802,deer
1803,deer
1804,deer
1805,deer
1806,deer
1807,deer
1808,deer
1809,deer
181,deer
1810,deer
1811,deer
1812,deer
1813,deer
1814,deer
1815,deer
1816,deer
1817,deer
1818,deer
1819,deer
182,deer
1820,deer
1821,deer
1822,deer
1823,deer
1824,deer
1825,deer
1826,deer
1827,deer
1828,deer
1829,deer
183,deer
1830,deer
1831,deer
1832,deer
1833,deer
1834,deer
1835,deer
1836,deer
1837,deer
1838,deer
1839,deer
184,deer
1840,deer
1841,deer
1842,deer
1843,deer
1844,deer
1845,deer
1846,deer
1847,deer
1848,deer
1849,deer
185,deer
1850,deer
1851,deer
1852,deer
1853,deer
1854,deer
1855,deer
1856,deer
1857,deer
1858,deer
1859,deer
186,deer
1860,deer
1861,deer
1862,deer
1863,deer
1864,deer
1865,deer
1866,deer
1867,deer
1868,deer
1869,deer
187,deer
1870,deer
1871,deer
1872,deer
1873,deer
1874,deer
1875,deer
1876,deer
1877,deer
1878,deer
1879,deer
188,deer
1880,deer
1881,deer
1882,deer
1883,deer
1884,deer
1885,deer
1886,deer
1887,deer
1888,deer
1889,deer
189,deer
1890,deer
1891,deer
1892,deer
1893,deer
1894,deer
1895,deer
1896,deer
1897,deer
1898,deer
1899,deer
19,deer
190,deer
1900,deer
1901,deer
1902,deer
1903,deer
1904,deer
1905,deer
1906,deer
1907,deer
1908,deer
1909,deer
191,deer
1910,deer
1911,deer
1912,deer
1913,deer
1914,deer
1915,deer
1916,deer
1917,deer
1918,deer
1919,deer
192,deer
1920,deer
1921,deer
1922,deer
1923,deer
1924,deer
1925,deer
1926,deer
1927,deer
1928,deer
1929,deer
193,deer
1930,deer
1931,deer
1932,deer
1933,deer
1934,deer
1935,deer
1936,deer
1937,deer
1938,deer
1939,deer
194,deer
1940,deer
1941,deer
1942,deer
1943,deer
1944,deer
1945,deer
1946,deer
1947,deer
1948,deer
1949,deer
195,deer
1950,deer
1951,deer
1952,deer
1953,deer
1954,deer
1955,deer
1956,deer
1957,deer
1958,deer
1959,deer
196,deer
1960,deer
1961,deer
1962,deer
1963,deer
1964,deer
1965,deer
1966,deer
1967,deer
1968,deer
1969,deer
197,deer
1970,deer
1971,deer
1972,deer
1973,deer
1974,deer
1975,deer
1976,deer
1977,deer
1978,deer
1979,deer
198,deer
1980,deer
1981,deer
1982,deer
1983,deer
1984,deer
1985,deer
1986,deer
1987,deer
1988,deer
1989,deer
199,deer
1990,deer
1991,deer
1992,deer
1993,deer
1994,deer
1995,deer
1996,deer
1997,deer
1998,deer
1999,deer
2,deer
20,deer
200,deer
2000,deer
2001,deer
2002,deer
2003,deer
2004,deer
2005,deer
2006,deer
2007,deer
2008,deer
2009,deer
201,deer
2010,deer
2011,deer
2012,deer
2013,deer
2014,deer
2015,deer
2016,deer
2017,deer
2018,deer
2019,deer
202,deer
2020,deer
2021,deer
2022,deer
2023,deer
2024,deer
2025,deer
2026,deer
2027,deer
2028,deer
2029,deer
203,deer
2030,deer
2031,deer
2032,deer
2033,deer
2034,deer
2035,deer
2036,deer
2037,deer
2038,deer
2039,deer
204,deer
2040,deer
2041,deer
2042,deer
2043,deer
2044,deer
2045,deer
2046,deer
2047,deer
2048,deer
2049,deer
205,deer
2050,deer
2051,deer
2052,deer
2053,deer
2054,deer
2055,deer
2056,deer
2057,deer
2058,deer
2059,deer
206,deer
2060,deer
2061,deer
2062,deer
2063,deer
2064,deer
2065,deer
2066,deer
2067,deer
2068,deer
2069,deer
207,deer
2070,deer
2071,deer
2072,deer
2073,deer
2074,deer
2075,deer
2076,deer
2077,deer
2078,deer
2079,deer
208,deer
2080,deer
2081,deer
2082,deer
2083,deer
2084,deer
2085,deer
2086,deer
2087,deer
2088,deer
2089,deer
209,deer
2090,deer
2091,deer
2092,deer
2093,deer
2094,deer
2095,deer
2096,deer
2097,deer
2098,deer
2099,deer
21,deer
210,deer
2100,deer
2101,deer
2102,deer
2103,deer
2104,deer
2105,deer
2106,deer
2107,deer
2108,deer
2109,deer
211,deer
2110,deer
2111,deer
2112,deer
2113,deer
2114,deer
2115,deer
2116,deer
2117,deer
2118,deer
2119,deer
212,deer
2120,deer
2121,deer
2122,deer
2123,deer
2124,deer
2125,deer
2126,deer
2127,deer
2128,deer
2129,deer
213,deer
2130,deer
2131,deer
2132,deer
2133,deer
2134,deer
2135,deer
2136,deer
2137,deer
2138,deer
2139,deer
214,deer
2140,deer
2141,deer
2142,deer
2143,deer
2144,deer
2145,deer
2146,deer
2147,deer
2148,deer
2149,deer
215,deer
2150,deer
2151,deer
2152,deer
2153,deer
2154,deer
2155,deer
2156,deer
2157,deer
2158,deer
2159,deer
216,deer
2160,deer
2161,deer
2162,deer
2163,deer
2164,deer
2165,deer
2166,deer
2167,deer
2168,deer
2169,deer
217,deer
2170,deer
2171,deer
2172,deer
2173,deer
2174,deer
2175,deer
2176,deer
2177,deer
2178,deer
2179,deer
218,deer
2180,deer
2181,deer
2182,deer
2183,deer
2184,deer
2185,deer
2186,deer
2187,deer
2188,deer
2189,deer
219,deer
2190,deer
2191,deer
2192,deer
2193,deer
2194,deer
2195,deer
2196,frog
2197,deer
2198,deer
2199,deer
22,deer
220,deer
2200,deer
2201,deer
2202,deer
2203,deer
2204,deer
2205,deer
2206,frog
2207,deer
2208,deer
2209,deer
221,deer
2210,deer
2211,deer
2212,deer
2213,deer
2214,deer
2215,deer
2216,deer
2217,deer
2218,deer
2219,deer
222,deer
2220,deer
2221,deer
2222,deer
2223,deer
2224,deer
2225,deer
2226,deer
2227,deer
2228,deer
2229,deer
223,deer
2230,deer
2231,deer
2232,deer
2233,deer
2234,deer
2235,deer
2236,deer
2237,deer
2238,deer
2239,deer
224,deer
2240,deer
2241,deer
2242,deer
2243,deer
2244,deer
2245,deer
2246,deer
2247,deer
2248,deer
2249,deer
225,deer
2250,deer
2251,deer
2252,deer
2253,deer
2254,deer
2255,deer
2256,deer
2257,deer
2258,deer
2259,deer
226,deer
2260,deer
2261,deer
2262,deer
2263,deer
2264,deer
2265,deer
2266,deer
2267,deer
2268,deer
2269,deer
227,deer
2270,deer
2271,deer
2272,deer
2273,deer
2274,deer
2275,deer
2276,deer
2277,deer
2278,deer
2279,deer
228,deer
2280,deer
2281,deer
2282,deer
2283,deer
2284,deer
2285,deer
2286,deer
2287,deer
2288,deer
2289,deer
229,deer
2290,deer
2291,deer
2292,deer
2293,deer
2294,deer
2295,deer
2296,deer
2297,deer
2298,deer
2299,deer
23,deer
230,deer
2300,deer
2301,deer
2302,deer
2303,deer
2304,deer
2305,deer
2306,deer
2307,deer
2308,frog
2309,deer
231,deer
2310,deer
2311,deer
2312,deer
2313,deer
2314,deer
2315,deer
2316,deer
2317,deer
2318,deer
2319,deer
232,deer
2320,deer
2321,deer
2322,deer
2323,deer
2324,deer
2325,deer
2326,deer
2327,deer
2328,deer
2329,deer
233,deer
2330,deer
2331,deer
2332,deer
2333,deer
2334,deer
2335,deer
2336,deer
2337,deer
2338,deer
2339,frog
234,deer
2340,deer
2341,deer
2342,deer
2343,deer
2344,deer
2345,deer
2346,deer
2347,deer
2348,deer
2349,deer
235,deer
2350,deer
2351,deer
2352,deer
2353,deer
2354,deer
2355,deer
2356,deer
2357,deer
2358,deer
2359,deer
236,deer
2360,deer
2361,deer
2362,deer
2363,deer
2364,deer
2365,deer
2366,deer
2367,deer
2368,deer
2369,deer
237,deer
2370,deer
2371,deer
2372,deer
2373,deer
2374,deer
2375,deer
2376,deer
2377,deer
2378,deer
2379,deer
238,deer
2380,deer
2381,deer
2382,deer
2383,deer
2384,deer
2385,deer
2386,deer
2387,deer
2388,deer
2389,deer
239,deer
2390,deer
2391,deer
2392,deer
2393,deer
2394,deer
2395,deer
2396,deer
2397,deer
2398,deer
2399,deer
24,deer
240,deer
2400,deer
2401,deer
2402,deer
2403,deer
2404,deer
2405,deer
2406,deer
2407,deer
2408,deer
2409,deer
241,deer
2410,deer
2411,deer
2412,deer
2413,deer
2414,deer
2415,deer
2416,deer
2417,deer
2418,deer
2419,deer
242,deer
2420,deer
2421,deer
2422,deer
2423,deer
2424,deer
2425,deer
2426,deer
2427,deer
2428,deer
2429,deer
243,deer
2430,deer
2431,deer
2432,deer
2433,deer
2434,deer
2435,deer
2436,deer
2437,deer
2438,deer
2439,deer
244,deer
2440,deer
2441,deer
2442,deer
2443,deer
2444,deer
2445,deer
2446,deer
2447,deer
2448,deer
2449,deer
245,deer
2450,deer
2451,deer
2452,deer
2453,deer
2454,deer
2455,deer
2456,deer
2457,deer
2458,deer
2459,deer
246,deer
2460,deer
2461,deer
2462,deer
2463,deer
2464,deer
2465,deer
2466,deer
2467,deer
2468,deer
2469,deer
247,deer
2470,deer
2471,deer
2472,deer
2473,deer
2474,deer
2475,deer
2476,deer
2477,deer
2478,deer
2479,deer
248,deer
2480,deer
2481,deer
2482,deer
2483,deer
2484,deer
2485,deer
2486,deer
2487,deer
2488,deer
2489,deer
249,deer
2490,deer
2491,deer
2492,deer
2493,deer
2494,deer
2495,deer
2496,frog
2497,deer
2498,deer
2499,deer
25,deer
250,deer
2500,deer
2501,deer
2502,deer
2503,deer
2504,deer
2505,deer
2506,deer
2507,deer
2508,deer
2509,deer
251,deer
2510,deer
2511,deer
2512,deer
2513,deer
2514,deer
2515,deer
2516,deer
2517,deer
2518,deer
2519,deer
252,deer
2520,deer
2521,deer
2522,deer
2523,deer
2524,deer
2525,deer
2526,deer
2527,deer
2528,deer
2529,deer
253,deer
2530,deer
2531,deer
2532,deer
2533,deer
2534,deer
2535,deer
2536,deer
2537,deer
2538,deer
2539,deer
254,deer
2540,deer
2541,deer
2542,deer
2543,deer
2544,deer
2545,deer
2546,deer
2547,deer
2548,deer
2549,deer
255,deer
2550,deer
2551,deer
2552,deer
2553,deer
2554,deer
2555,deer
2556,deer
2557,deer
2558,deer
2559,deer
256,deer
2560,deer
2561,deer
2562,deer
2563,deer
2564,deer
2565,deer
2566,deer
2567,deer
2568,deer
2569,deer
257,deer
2570,deer
2571,deer
2572,deer
2573,deer
2574,deer
2575,deer
2576,deer
2577,deer
2578,deer
2579,deer
258,deer
2580,deer
2581,deer
2582,deer
2583,deer
2584,deer
2585,deer
2586,deer
2587,deer
2588,deer
2589,deer
259,deer
2590,deer
2591,deer
2592,deer
2593,deer
2594,deer
2595,deer
2596,deer
2597,deer
2598,deer
2599,deer
26,deer
260,deer
2600,deer
2601,deer
2602,deer
2603,deer
2604,deer
2605,deer
2606,deer
2607,deer
2608,deer
2609,deer
261,deer
2610,deer
2611,deer
2612,deer
2613,deer
2614,deer
2615,deer
2616,deer
2617,deer
2618,deer
2619,deer
262,deer
2620,deer
2621,deer
2622,deer
2623,deer
2624,deer
2625,deer
2626,deer
2627,deer
2628,deer
2629,deer
263,deer
2630,deer
2631,deer
2632,deer
2633,deer
2634,deer
2635,deer
2636,deer
2637,deer
2638,deer
2639,deer
264,deer
2640,deer
2641,deer
2642,deer
2643,deer
2644,deer
2645,deer
2646,deer
2647,deer
2648,deer
2649,deer
265,deer
2650,deer
2651,deer
2652,deer
2653,deer
2654,deer
2655,deer
2656,deer
2657,deer
2658,deer
2659,deer
266,deer
2660,deer
2661,deer
2662,deer
2663,deer
2664,deer
2665,deer
2666,deer
2667,deer
2668,deer
2669,deer
267,deer
2670,deer
2671,deer
2672,deer
2673,deer
2674,deer
2675,deer
2676,deer
2677,deer
2678,deer
2679,deer
268,deer
2680,deer
2681,deer
2682,deer
2683,deer
2684,deer
2685,deer
2686,deer
2687,deer
2688,deer
2689,deer
269,deer
2690,deer
2691,deer
2692,deer
2693,deer
2694,deer
2695,deer
2696,deer
2697,deer
2698,deer
2699,deer
27,deer
270,deer
2700,deer
2701,deer
2702,deer
2703,deer
2704,deer
2705,deer
2706,deer
2707,deer
2708,deer
2709,deer
271,deer
2710,deer
2711,deer
2712,deer
2713,deer
2714,deer
2715,deer
2716,deer
2717,deer
2718,deer
2719,deer
272,deer
2720,deer
2721,deer
2722,deer
2723,deer
2724,deer
2725,deer
2726,deer
2727,deer
2728,deer
2729,deer
273,deer
2730,deer
2731,deer
2732,deer
2733,deer
2734,deer
2735,deer
2736,deer
2737,deer
2738,deer
2739,deer
274,deer
2740,deer
2741,deer
2742,deer
2743,deer
2744,deer
2745,deer
2746,deer
2747,deer
2748,deer
2749,deer
275,deer
2750,deer
2751,deer
2752,deer
2753,deer
2754,deer
2755,deer
2756,deer
2757,deer
2758,deer
2759,deer
276,deer
2760,deer
2761,deer
2762,deer
2763,deer
2764,deer
2765,deer
2766,deer
2767,deer
2768,deer
2769,deer
277,deer
2770,deer
2771,deer
2772,deer
2773,deer
2774,deer
2775,deer
2776,deer
2777,deer
2778,deer
2779,deer
278,deer
2780,deer
2781,deer
2782,deer
2783,deer
2784,deer
2785,frog
2786,deer
2787,deer
2788,deer
2789,deer
279,deer
2790,deer
2791,deer
2792,deer
2793,deer
2794,deer
2795,deer
2796,deer
2797,deer
2798,deer
2799,deer
28,deer
280,deer
2800,deer
2801,deer
2802,deer
2803,deer
2804,deer
2805,deer
2806,deer
2807,deer
2808,deer
2809,deer
281,deer
2810,deer
2811,deer
2812,deer
2813,deer
2814,deer
2815,deer
2816,deer
2817,deer
2818,deer
2819,deer
282,deer
2820,deer
2821,deer
2822,deer
2823,deer
2824,deer
2825,deer
2826,deer
2827,deer
2828,deer
2829,deer
283,deer
2830,deer
2831,deer
2832,deer
2833,deer
2834,deer
2835,deer
2836,deer
2837,deer
2838,deer
2839,deer
284,deer
2840,deer
2841,deer
2842,deer
2843,deer
2844,deer
2845,deer
2846,deer
2847,deer
2848,deer
2849,deer
285,deer
2850,deer
2851,deer
2852,deer
2853,deer
2854,deer
2855,deer
2856,deer
2857,deer
2858,deer
2859,deer
286,deer
2860,deer
2861,deer
2862,deer
2863,deer
2864,deer
2865,deer
2866,deer
2867,deer
2868,deer
2869,deer
287,deer
2870,deer
2871,deer
2872,deer
2873,deer
2874,deer
2875,deer
2876,deer
2877,deer
2878,deer
2879,deer
288,deer
2880,deer
2881,deer
2882,deer
2883,deer
2884,deer
2885,deer
2886,deer
2887,deer
2888,deer
2889,deer
289,deer
2890,deer
2891,deer
2892,deer
2893,deer
2894,deer
2895,deer
2896,deer
2897,deer
2898,deer
2899,deer
29,deer
290,deer
2900,deer
2901,deer
2902,deer
2903,deer
2904,deer
2905,deer
2906,deer
2907,deer
2908,deer
2909,deer
291,deer
2910,deer
2911,deer
2912,deer
2913,deer
2914,deer
2915,deer
2916,deer
2917,deer
2918,deer
2919,deer
292,deer
2920,deer
2921,deer
2922,deer
2923,deer
2924,deer
2925,deer
2926,deer
2927,deer
2928,deer
2929,deer
293,deer
2930,deer
2931,deer
2932,deer
2933,deer
2934,deer
2935,deer
2936,deer
2937,deer
2938,deer
2939,deer
294,deer
2940,deer
2941,deer
2942,deer
2943,deer
2944,deer
2945,deer
2946,deer
2947,deer
2948,deer
2949,deer
295,deer
2950,deer
2951,deer
2952,deer
2953,deer
2954,deer
2955,deer
2956,deer
2957,deer
2958,deer
2959,deer
296,deer
2960,deer
2961,deer
2962,deer
2963,deer
2964,deer
2965,deer
2966,deer
2967,deer
2968,deer
2969,deer
297,deer
2970,deer
2971,deer
2972,deer
2973,deer
2974,deer
2975,deer
2976,deer
2977,deer
2978,deer
2979,deer
298,deer
2980,deer
2981,deer
2982,deer
2983,deer
2984,deer
2985,deer
2986,deer
2987,deer
2988,deer
2989,deer
299,deer
2990,deer
2991,deer
2992,deer
2993,deer
2994,deer
2995,deer
2996,deer
2997,deer
2998,deer
2999,deer
3,deer
30,deer
300,deer
3000,deer
3001,deer
3002,deer
3003,deer
3004,deer
3005,deer
3006,deer
3007,deer
3008,deer
3009,deer
301,deer
3010,deer
3011,deer
3012,deer
3013,deer
3014,deer
3015,deer
3016,deer
3017,deer
3018,deer
3019,deer
302,deer
3020,deer
3021,deer
3022,deer
3023,deer
3024,deer
3025,deer
3026,deer
3027,deer
3028,deer
3029,deer
303,deer
3030,deer
3031,deer
3032,deer
3033,deer
3034,deer
3035,deer
3036,deer
3037,deer
3038,deer
3039,deer
304,deer
3040,deer
3041,deer
3042,deer
3043,deer
3044,deer
3045,deer
3046,deer
3047,deer
3048,deer
3049,deer
305,deer
3050,deer
3051,deer
3052,deer
3053,deer
3054,deer
3055,deer
3056,deer
3057,deer
3058,deer
3059,deer
306,deer
3060,deer
3061,deer
3062,deer
3063,deer
3064,deer
3065,deer
3066,deer
3067,deer
3068,deer
3069,deer
307,deer
3070,deer
3071,deer
3072,deer
3073,deer
3074,deer
3075,deer
3076,deer
3077,deer
3078,deer
3079,deer
308,deer
3080,deer
3081,deer
3082,deer
3083,deer
3084,deer
3085,deer
3086,deer
3087,deer
3088,deer
3089,deer
309,deer
3090,deer
3091,deer
3092,deer
3093,deer
3094,deer
3095,deer
3096,deer
3097,deer
3098,deer
3099,deer
31,deer
310,deer
3100,deer
3101,deer
3102,deer
3103,deer
3104,deer
3105,deer
3106,deer
3107,deer
3108,deer
3109,deer
311,deer
3110,deer
3111,deer
3112,deer
3113,deer
3114,deer
3115,deer
3116,deer
3117,deer
3118,deer
3119,deer
312,deer
3120,deer
3121,deer
3122,deer
3123,deer
3124,deer
3125,deer
3126,deer
3127,deer
3128,deer
3129,deer
313,deer
3130,deer
3131,deer
3132,deer
3133,deer
3134,deer
3135,deer
3136,deer
3137,deer
3138,deer
3139,deer
314,deer
3140,deer
3141,deer
3142,deer
3143,deer
3144,deer
3145,deer
3146,deer
3147,deer
3148,deer
3149,deer
315,deer
3150,deer
3151,deer
3152,deer
3153,deer
3154,deer
3155,deer
3156,deer
3157,deer
3158,deer
3159,deer
316,deer
3160,deer
3161,deer
3162,deer
3163,deer
3164,deer
3165,deer
3166,deer
3167,deer
3168,deer
3169,deer
317,deer
3170,deer
3171,deer
3172,deer
3173,deer
3174,deer
3175,deer
3176,deer
3177,deer
3178,deer
3179,deer
318,deer
3180,deer
3181,deer
3182,deer
3183,deer
3184,deer
3185,deer
3186,deer
3187,deer
3188,deer
3189,deer
319,deer
3190,deer
3191,deer
3192,deer
3193,deer
3194,deer
3195,deer
3196,deer
3197,deer
3198,deer
3199,deer
32,deer
320,deer
3200,deer
3201,deer
3202,deer
3203,deer
3204,deer
3205,deer
3206,deer
3207,deer
3208,deer
3209,deer
321,deer
3210,deer
3211,deer
3212,deer
3213,deer
3214,deer
3215,deer
3216,deer
3217,deer
3218,deer
3219,deer
322,deer
3220,deer
3221,deer
3222,deer
3223,deer
3224,deer
3225,deer
3226,deer
3227,deer
3228,deer
3229,deer
323,deer
3230,deer
3231,deer
3232,deer
3233,deer
3234,deer
3235,deer
3236,deer
3237,deer
3238,deer
3239,deer
324,deer
3240,deer
3241,deer
3242,deer
3243,deer
3244,deer
3245,deer
3246,deer
3247,deer
3248,deer
3249,deer
325,deer
3250,deer
3251,deer
3252,deer
3253,deer
3254,deer
3255,deer
3256,deer
3257,deer
3258,deer
3259,deer
326,deer
3260,deer
3261,deer
3262,deer
3263,deer
3264,deer
3265,deer
3266,deer
3267,deer
3268,deer
3269,deer
327,deer
3270,deer
3271,deer
3272,deer
3273,deer
3274,deer
3275,deer
3276,deer
3277,deer
3278,deer
3279,deer
328,deer
3280,deer
3281,deer
3282,deer
3283,deer
3284,deer
3285,deer
3286,deer
3287,deer
3288,deer
3289,deer
329,deer
3290,deer
3291,deer
3292,deer
3293,deer
3294,deer
3295,deer
3296,deer
3297,deer
3298,deer
3299,deer
33,deer
330,deer
3300,deer
3301,deer
3302,deer
3303,deer
3304,deer
3305,deer
3306,deer
3307,deer
3308,deer
3309,deer
331,deer
3310,deer
3311,deer
3312,deer
3313,deer
3314,deer
3315,deer
3316,deer
3317,deer
3318,deer
3319,deer
332,deer
3320,deer
3321,deer
3322,deer
3323,deer
3324,deer
3325,deer
3326,deer
3327,deer
3328,deer
3329,deer
333,deer
3330,deer
3331,deer
3332,deer
3333,deer
3334,deer
3335,deer
3336,deer
3337,deer
3338,deer
3339,deer
334,deer
3340,deer
3341,deer
3342,deer
3343,deer
3344,deer
3345,deer
3346,deer
3347,deer
3348,deer
3349,deer
335,deer
3350,deer
3351,deer
3352,deer
3353,deer
3354,deer
3355,deer
3356,deer
3357,deer
3358,deer
3359,deer
336,deer
3360,deer
3361,deer
3362,deer
3363,deer
3364,deer
3365,deer
3366,deer
3367,deer
3368,deer
3369,deer
337,deer
3370,deer
3371,deer
3372,deer
3373,deer
3374,deer
3375,deer
3376,deer
3377,deer
3378,deer
3379,deer
338,deer
3380,deer
3381,deer
3382,deer
3383,deer
3384,deer
3385,deer
3386,deer
3387,deer
3388,deer
3389,deer
339,deer
3390,deer
3391,deer
3392,deer
3393,deer
3394,deer
3395,deer
3396,deer
3397,deer
3398,deer
3399,deer
34,deer
340,deer
3400,deer
3401,deer
3402,deer
3403,deer
3404,deer
3405,deer
3406,deer
3407,deer
3408,deer
3409,deer
341,deer
3410,deer
3411,deer
3412,deer
3413,deer
3414,deer
3415,frog
3416,deer
3417,deer
3418,deer
3419,deer
342,deer
3420,deer
3421,deer
3422,deer
3423,deer
3424,deer
3425,deer
3426,deer
3427,deer
3428,deer
3429,deer
343,deer
3430,deer
3431,deer
3432,deer
3433,deer
3434,deer
3435,deer
3436,deer
3437,deer
3438,deer
3439,deer
344,deer
3440,deer
3441,deer
3442,deer
3443,deer
3444,deer
3445,deer
3446,deer
3447,deer
3448,deer
3449,deer
345,deer
3450,deer
3451,deer
3452,deer
3453,deer
3454,deer
3455,deer
3456,deer
3457,deer
3458,deer
3459,deer
346,deer
3460,deer
3461,deer
3462,deer
3463,deer
3464,deer
3465,deer
3466,deer
3467,deer
3468,deer
3469,deer
347,deer
3470,deer
3471,deer
3472,deer
3473,deer
3474,deer
3475,deer
3476,deer
3477,deer
3478,deer
3479,deer
348,deer
3480,deer
3481,deer
3482,deer
3483,deer
3484,deer
3485,deer
3486,deer
3487,deer
3488,deer
3489,deer
349,deer
3490,deer
3491,deer
3492,frog
3493,deer
3494,deer
3495,deer
3496,deer
3497,deer
3498,deer
3499,deer
35,deer
350,deer
3500,deer
3501,deer
3502,deer
3503,deer
3504,deer
3505,deer
3506,deer
3507,deer
3508,deer
3509,deer
351,deer
3510,deer
3511,deer
3512,deer
3513,deer
3514,deer
3515,deer
3516,deer
3517,deer
3518,deer
3519,deer
352,deer
3520,deer
3521,deer
3522,deer
3523,deer
3524,deer
3525,deer
3526,deer
3527,deer
3528,deer
3529,deer
353,deer
3530,deer
3531,deer
3532,deer
3533,deer
3534,deer
3535,deer
3536,deer
3537,deer
3538,deer
3539,deer
354,deer
3540,deer
3541,deer
3542,deer
3543,deer
3544,deer
3545,deer
3546,deer
3547,deer
3548,deer
3549,deer
355,deer
3550,deer
3551,frog
3552,deer
3553,deer
3554,deer
3555,deer
3556,deer
3557,deer
3558,deer
3559,deer
356,deer
3560,deer
3561,deer
3562,deer
3563,deer
3564,deer
3565,deer
3566,deer
3567,deer
3568,deer
3569,deer
357,deer
3570,deer
3571,deer
3572,deer
3573,deer
3574,deer
3575,deer
3576,deer
3577,deer
3578,deer
3579,deer
358,deer
3580,deer
3581,deer
3582,deer
3583,deer
3584,deer
3585,deer
3586,deer
3587,deer
3588,deer
3589,deer
359,deer
3590,deer
3591,deer
3592,deer
3593,deer
3594,deer
3595,deer
3596,deer
3597,deer
3598,deer
3599,deer
36,deer
360,deer
3600,deer
3601,deer
3602,deer
3603,deer
3604,deer
3605,deer
3606,deer
3607,deer
3608,deer
3609,deer
361,deer
3610,deer
3611,deer
3612,deer
3613,deer
3614,deer
3615,deer
3616,deer
3617,deer
3618,deer
3619,deer
362,deer
3620,deer
3621,deer
3622,deer
3623,deer
3624,deer
3625,deer
3626,deer
3627,deer
3628,deer
3629,deer
363,deer
3630,deer
3631,deer
3632,deer
3633,deer
3634,deer
3635,deer
3636,deer
3637,deer
3638,deer
3639,deer
364,deer
3640,deer
3641,deer
3642,deer
3643,deer
3644,deer
3645,deer
3646,deer
3647,deer
3648,deer
3649,deer
365,deer
3650,deer
3651,deer
3652,deer
3653,deer
3654,deer
3655,deer
3656,deer
3657,deer
3658,deer
3659,deer
366,deer
3660,deer
3661,deer
3662,deer
3663,deer
3664,deer
3665,deer
3666,deer
3667,deer
3668,deer
3669,deer
367,deer
3670,deer
3671,deer
3672,deer
3673,deer
3674,deer
3675,deer
3676,deer
3677,deer
3678,deer
3679,deer
368,deer
3680,deer
3681,deer
3682,deer
3683,deer
3684,deer
3685,deer
3686,deer
3687,deer
3688,deer
3689,deer
369,deer
3690,deer
3691,deer
3692,deer
3693,deer
3694,deer
3695,deer
3696,deer
3697,deer
3698,deer
3699,deer
37,deer
370,deer
3700,deer
3701,deer
3702,deer
3703,deer
3704,deer
3705,deer
3706,deer
3707,deer
3708,deer
3709,deer
371,deer
3710,deer
3711,deer
3712,deer
3713,deer
3714,deer
3715,deer
3716,deer
3717,deer
3718,deer
3719,deer
372,deer
3720,deer
3721,deer
3722,deer
3723,deer
3724,deer
3725,deer
3726,deer
3727,deer
3728,deer
3729,deer
373,deer
3730,deer
3731,deer
3732,deer
3733,deer
3734,deer
3735,deer
3736,deer
3737,deer
3738,deer
3739,deer
374,deer
3740,deer
3741,deer
3742,deer
3743,deer
3744,deer
3745,deer
3746,deer
3747,deer
3748,deer
3749,deer
375,deer
3750,deer
3751,deer
3752,deer
3753,deer
3754,deer
3755,deer
3756,deer
3757,deer
3758,deer
3759,deer
376,deer
3760,deer
3761,deer
3762,deer
3763,deer
3764,deer
3765,deer
3766,deer
3767,deer
3768,deer
3769,deer
377,deer
3770,deer
3771,deer
3772,deer
3773,deer
3774,deer
3775,deer
3776,deer
3777,deer
3778,deer
3779,deer
378,deer
3780,deer
3781,deer
3782,deer
3783,deer
3784,deer
3785,deer
3786,deer
3787,deer
3788,deer
3789,deer
379,deer
3790,deer
3791,deer
3792,deer
3793,deer
3794,deer
3795,deer
3796,deer
3797,deer
3798,deer
3799,deer
38,deer
380,deer
3800,deer
3801,deer
3802,deer
3803,deer
3804,deer
3805,deer
3806,deer
3807,deer
3808,deer
3809,deer
381,deer
3810,deer
3811,deer
3812,deer
3813,deer
3814,deer
3815,deer
3816,deer
3817,deer
3818,deer
3819,deer
382,deer
3820,deer
3821,deer
3822,deer
3823,deer
3824,deer
3825,deer
3826,deer
3827,deer
3828,deer
3829,deer
383,deer
3830,deer
3831,frog
3832,deer
3833,deer
3834,deer
3835,deer
3836,deer
3837,deer
3838,deer
3839,deer
384,deer
3840,deer
3841,deer
3842,deer
3843,deer
3844,deer
3845,deer
3846,deer
3847,deer
3848,deer
3849,deer
385,deer
3850,deer
3851,deer
3852,deer
3853,deer
3854,deer
3855,deer
3856,deer
3857,deer
3858,deer
3859,deer
386,deer
3860,deer
3861,deer
3862,deer
3863,deer
3864,deer
3865,deer
3866,deer
3867,deer
3868,deer
3869,deer
387,deer
3870,deer
3871,deer
3872,deer
3873,deer
3874,deer
3875,deer
3876,deer
3877,deer
3878,deer
3879,deer
388,deer
3880,deer
3881,deer
3882,deer
3883,deer
3884,deer
3885,deer
3886,deer
3887,deer
3888,deer
3889,deer
389,deer
3890,deer
3891,deer
3892,deer
3893,deer
3894,deer
3895,deer
3896,deer
3897,deer
3898,deer
3899,deer
39,deer
390,deer
3900,deer
3901,deer
3902,deer
3903,deer
3904,deer
3905,deer
3906,deer
3907,deer
3908,deer
3909,deer
391,deer
3910,deer
3911,deer
3912,deer
3913,deer
3914,deer
3915,deer
3916,deer
3917,deer
3918,deer
3919,deer
392,deer
3920,deer
3921,deer
3922,deer
3923,deer
3924,deer
3925,deer
3926,deer
3927,deer
3928,deer
3929,deer
393,deer
3930,deer
3931,deer
3932,deer
3933,deer
3934,deer
3935,deer
3936,deer
3937,deer
3938,deer
3939,deer
394,deer
3940,deer
3941,deer
3942,deer
3943,deer
3944,deer
3945,deer
3946,deer
3947,deer
3948,deer
3949,deer
395,deer
3950,deer
3951,deer
3952,deer
3953,deer
3954,deer
3955,deer
3956,deer
3957,deer
3958,deer
3959,deer
396,frog
3960,deer
3961,deer
3962,deer
3963,deer
3964,deer
3965,deer
3966,deer
3967,deer
3968,deer
3969,deer
397,deer
3970,deer
3971,deer
3972,deer
3973,deer
3974,deer
3975,deer
3976,deer
3977,deer
3978,deer
3979,deer
398,deer
3980,deer
3981,deer
3982,deer
3983,deer
3984,deer
3985,deer
3986,deer
3987,deer
3988,deer
3989,deer
399,deer
3990,deer
3991,deer
3992,deer
3993,deer
3994,deer
3995,deer
3996,deer
3997,deer
3998,deer
3999,deer
4,deer
40,deer
400,deer
4000,deer
4001,deer
4002,deer
4003,deer
4004,deer
4005,deer
4006,deer
4007,deer
4008,deer
4009,deer
401,deer
4010,deer
4011,deer
4012,deer
4013,deer
4014,deer
4015,deer
4016,deer
4017,deer
4018,deer
4019,deer
402,deer
4020,deer
4021,deer
4022,frog
4023,deer
4024,deer
4025,deer
4026,deer
4027,deer
4028,deer
4029,deer
403,deer
4030,deer
4031,deer
4032,deer
4033,deer
4034,deer
4035,deer
4036,deer
4037,deer
4038,deer
4039,deer
404,deer
4040,deer
4041,deer
4042,deer
4043,deer
4044,deer
4045,deer
4046,deer
4047,deer
4048,deer
4049,deer
405,deer
4050,deer
4051,deer
4052,deer
4053,deer
4054,deer
4055,deer
4056,deer
4057,deer
4058,deer
4059,deer
406,deer
4060,deer
4061,deer
4062,deer
4063,deer
4064,deer
4065,deer
4066,deer
4067,deer
4068,deer
4069,deer
407,deer
4070,deer
4071,deer
4072,deer
4073,deer
4074,deer
4075,deer
4076,deer
4077,deer
4078,deer
4079,deer
408,deer
4080,deer
4081,deer
4082,frog
4083,deer
4084,deer
4085,deer
4086,deer
4087,deer
4088,deer
4089,deer
409,deer
4090,deer
4091,deer
4092,deer
4093,deer
4094,deer
4095,deer
4096,frog
4097,deer
4098,deer
4099,deer
41,deer
410,deer
4100,deer
4101,deer
4102,deer
4103,deer
4104,deer
4105,deer
4106,deer
4107,deer
4108,deer
4109,deer
411,deer
4110,deer
4111,deer
4112,deer
4113,deer
4114,deer
4115,deer
4116,deer
4117,deer
4118,deer
4119,deer
412,deer
4120,deer
4121,deer
4122,deer
4123,deer
4124,deer
4125,deer
4126,deer
4127,deer
4128,deer
4129,deer
413,deer
4130,deer
4131,deer
4132,deer
4133,deer
4134,deer
4135,deer
4136,deer
4137,deer
4138,deer
4139,deer
414,deer
4140,deer
4141,deer
4142,deer
4143,deer
4144,deer
4145,deer
4146,deer
4147,deer
4148,deer
4149,deer
415,deer
4150,deer
4151,deer
4152,deer
4153,deer
4154,deer
4155,deer
4156,deer
4157,deer
4158,deer
4159,deer
416,deer
4160,deer
4161,deer
4162,deer
4163,deer
4164,deer
4165,deer
4166,deer
4167,deer
4168,deer
4169,deer
417,deer
4170,deer
4171,deer
4172,deer
4173,deer
4174,deer
4175,deer
4176,deer
4177,deer
4178,deer
4179,deer
418,deer
4180,deer
4181,deer
4182,deer
4183,deer
4184,deer
4185,deer
4186,deer
4187,deer
4188,deer
4189,deer
419,deer
4190,deer
4191,deer
4192,deer
4193,deer
4194,deer
4195,deer
4196,deer
4197,deer
4198,deer
4199,deer
42,deer
420,deer
4200,deer
4201,deer
4202,deer
4203,deer
4204,deer
4205,deer
4206,deer
4207,deer
4208,deer
4209,deer
421,deer
4210,deer
4211,deer
4212,deer
4213,deer
4214,deer
4215,deer
4216,deer
4217,deer
4218,deer
4219,deer
422,deer
4220,deer
4221,deer
4222,deer
4223,deer
4224,deer
4225,deer
4226,deer
4227,deer
4228,deer
4229,deer
423,deer
4230,deer
4231,deer
4232,deer
4233,deer
4234,deer
4235,deer
4236,deer
4237,deer
4238,deer
4239,deer
424,deer
4240,deer
4241,deer
4242,deer
4243,deer
4244,deer
4245,deer
4246,deer
4247,deer
4248,deer
4249,deer
425,deer
4250,deer
4251,deer
4252,deer
4253,deer
4254,deer
4255,deer
4256,deer
4257,deer
4258,deer
4259,deer
426,deer
4260,deer
4261,deer
4262,deer
4263,deer
4264,deer
4265,deer
4266,deer
4267,deer
4268,deer
4269,deer
427,deer
4270,deer
4271,deer
4272,deer
4273,deer
4274,deer
4275,deer
4276,deer
4277,deer
4278,deer
4279,deer
428,deer
4280,deer
4281,deer
4282,deer
4283,deer
4284,deer
4285,deer
4286,deer
4287,deer
4288,deer
4289,deer
429,deer
4290,deer
4291,deer
4292,deer
4293,deer
4294,deer
4295,deer
4296,deer
4297,deer
4298,deer
4299,deer
43,deer
430,deer
4300,deer
4301,deer
4302,deer
4303,frog
4304,deer
4305,deer
4306,deer
4307,deer
4308,deer
4309,deer
431,deer
4310,deer
4311,deer
4312,deer
4313,deer
4314,deer
4315,deer
4316,deer
4317,deer
4318,deer
4319,deer
432,deer
4320,deer
4321,deer
4322,deer
4323,deer
4324,deer
4325,deer
4326,deer
4327,deer
4328,deer
4329,deer
433,deer
4330,deer
4331,deer
4332,deer
4333,deer
4334,deer
4335,deer
4336,deer
4337,deer
4338,deer
4339,deer
434,deer
4340,deer
4341,deer
4342,deer
4343,deer
4344,deer
4345,deer
4346,deer
4347,deer
4348,deer
4349,deer
435,deer
4350,deer
4351,deer
4352,deer
4353,deer
4354,deer
4355,deer
4356,deer
4357,deer
4358,deer
4359,deer
436,deer
4360,deer
4361,deer
4362,deer
4363,deer
4364,deer
4365,deer
4366,deer
4367,deer
4368,deer
4369,deer
437,deer
4370,deer
4371,deer
4372,deer
4373,deer
4374,deer
4375,deer
4376,deer
4377,deer
4378,deer
4379,deer
438,deer
4380,deer
4381,deer
4382,deer
4383,deer
4384,deer
4385,deer
4386,deer
4387,deer
4388,deer
4389,deer
439,deer
4390,deer
4391,deer
4392,deer
4393,deer
4394,deer
4395,deer
4396,deer
4397,deer
4398,deer
4399,deer
44,deer
440,deer
4400,deer
4401,deer
4402,deer
4403,deer
4404,deer
4405,deer
4406,deer
4407,deer
4408,deer
4409,deer
441,deer
4410,deer
4411,deer
4412,deer
4413,deer
4414,deer
4415,deer
4416,deer
4417,deer
4418,deer
4419,deer
442,deer
4420,deer
4421,deer
4422,deer
4423,deer
4424,deer
4425,deer
4426,deer
4427,deer
4428,deer
4429,deer
443,deer
4430,deer
4431,deer
4432,deer
4433,deer
4434,deer
4435,deer
4436,deer
4437,deer
4438,deer
4439,deer
444,deer
4440,deer
4441,deer
4442,deer
4443,deer
4444,deer
4445,deer
4446,deer
4447,deer
4448,deer
4449,deer
445,deer
4450,deer
4451,deer
4452,deer
4453,deer
4454,deer
4455,deer
4456,deer
4457,deer
4458,deer
4459,deer
446,deer
4460,deer
4461,deer
4462,deer
4463,deer
4464,deer
4465,deer
4466,deer
4467,deer
4468,deer
4469,deer
447,deer
4470,deer
4471,deer
4472,deer
4473,deer
4474,deer
4475,deer
4476,deer
4477,deer
4478,deer
4479,deer
448,deer
4480,deer
4481,deer
4482,deer
4483,deer
4484,deer
4485,deer
4486,deer
4487,deer
4488,deer
4489,deer
449,deer
4490,deer
4491,deer
4492,deer
4493,deer
4494,deer
4495,deer
4496,deer
4497,deer
4498,deer
4499,deer
45,deer
450,deer
4500,deer
4501,deer
4502,deer
4503,deer
4504,deer
4505,deer
4506,deer
4507,deer
4508,deer
4509,deer
451,deer
4510,deer
4511,deer
4512,deer
4513,deer
4514,deer
4515,deer
4516,deer
4517,deer
4518,deer
4519,deer
452,deer
4520,deer
4521,deer
4522,deer
4523,deer
4524,deer
4525,deer
4526,deer
4527,deer
4528,deer
4529,deer
453,deer
4530,deer
4531,deer
4532,deer
4533,deer
4534,deer
4535,deer
4536,deer
4537,deer
4538,deer
4539,deer
454,deer
4540,deer
4541,deer
4542,deer
4543,deer
4544,deer
4545,deer
4546,deer
4547,deer
4548,deer
4549,deer
455,deer
4550,deer
4551,deer
4552,deer
4553,deer
4554,deer
4555,deer
4556,deer
4557,deer
4558,deer
4559,deer
456,deer
4560,deer
4561,deer
4562,deer
4563,deer
4564,deer
4565,deer
4566,deer
4567,deer
4568,deer
4569,deer
457,deer
4570,deer
4571,deer
4572,deer
4573,deer
4574,deer
4575,deer
4576,deer
4577,deer
4578,deer
4579,deer
458,deer
4580,deer
4581,deer
4582,deer
4583,deer
4584,deer
4585,deer
4586,deer
4587,deer
4588,deer
4589,deer
459,deer
4590,deer
4591,deer
4592,deer
4593,deer
4594,deer
4595,deer
4596,deer
4597,deer
4598,deer
4599,deer
46,deer
460,deer
4600,deer
4601,deer
4602,deer
4603,deer
4604,deer
4605,deer
4606,deer
4607,deer
4608,deer
4609,deer
461,deer
4610,deer
4611,deer
4612,deer
4613,deer
4614,deer
4615,deer
4616,deer
4617,deer
4618,deer
4619,deer
462,deer
4620,deer
4621,deer
4622,deer
4623,deer
4624,deer
4625,deer
4626,deer
4627,deer
4628,deer
4629,deer
463,deer
4630,deer
4631,deer
4632,deer
4633,deer
4634,deer
4635,deer
4636,deer
4637,deer
4638,deer
4639,deer
464,deer
4640,deer
4641,deer
4642,deer
4643,deer
4644,deer
4645,deer
4646,deer
4647,deer
4648,deer
4649,deer
465,deer
4650,deer
4651,deer
4652,deer
4653,deer
4654,deer
4655,deer
4656,deer
4657,deer
4658,deer
4659,deer
466,deer
4660,deer
4661,deer
4662,deer
4663,deer
4664,deer
4665,deer
4666,deer
4667,deer
4668,deer
4669,deer
467,deer
4670,deer
4671,deer
4672,deer
4673,deer
4674,deer
4675,deer
4676,deer
4677,deer
4678,deer
4679,deer
468,deer
4680,deer
4681,deer
4682,deer
4683,deer
4684,deer
4685,deer
4686,deer
4687,deer
4688,deer
4689,deer
469,deer
4690,deer
4691,deer
4692,deer
4693,deer
4694,deer
4695,deer
4696,deer
4697,deer
4698,deer
4699,deer
47,deer
470,deer
4700,deer
4701,deer
4702,deer
4703,deer
4704,deer
4705,deer
4706,deer
4707,deer
4708,deer
4709,deer
471,deer
4710,deer
4711,deer
4712,deer
4713,deer
4714,deer
4715,deer
4716,deer
4717,deer
4718,deer
4719,deer
472,deer
4720,deer
4721,deer
4722,deer
4723,deer
4724,deer
4725,deer
4726,deer
4727,deer
4728,deer
4729,deer
473,deer
4730,deer
4731,deer
4732,deer
4733,deer
4734,deer
4735,deer
4736,deer
4737,deer
4738,deer
4739,deer
474,deer
4740,deer
4741,deer
4742,deer
4743,deer
4744,deer
4745,deer
4746,deer
4747,deer
4748,deer
4749,deer
475,deer
4750,deer
4751,deer
4752,deer
4753,deer
4754,deer
4755,deer
4756,deer
4757,deer
4758,deer
4759,deer
476,deer
4760,deer
4761,deer
4762,deer
4763,deer
4764,deer
4765,deer
4766,deer
4767,deer
4768,deer
4769,deer
477,deer
4770,deer
4771,deer
4772,deer
4773,deer
4774,deer
4775,deer
4776,deer
4777,deer
4778,deer
4779,deer
478,deer
4780,deer
4781,deer
4782,deer
4783,deer
4784,deer
4785,deer
4786,deer
4787,deer
4788,deer
4789,deer
479,deer
4790,deer
4791,deer
4792,deer
4793,deer
4794,deer
4795,deer
4796,deer
4797,deer
4798,deer
4799,deer
48,deer
480,deer
4800,deer
4801,deer
4802,deer
4803,deer
4804,deer
4805,deer
4806,deer
4807,deer
4808,deer
4809,deer
481,deer
4810,deer
4811,deer
4812,deer
4813,deer
4814,deer
4815,deer
4816,deer
4817,deer
4818,deer
4819,deer
482,deer
4820,deer
4821,deer
4822,deer
4823,deer
4824,deer
4825,deer
4826,deer
4827,deer
4828,deer
4829,deer
483,deer
4830,deer
4831,deer
4832,deer
4833,deer
4834,deer
4835,deer
4836,deer
4837,deer
4838,deer
4839,deer
484,deer
4840,deer
4841,deer
4842,deer
4843,deer
4844,deer
4845,deer
4846,deer
4847,deer
4848,deer
4849,deer
485,deer
4850,deer
4851,deer
4852,deer
4853,deer
4854,deer
4855,deer
4856,deer
4857,deer
4858,deer
4859,deer
486,deer
4860,deer
4861,deer
4862,deer
4863,deer
4864,deer
4865,deer
4866,deer
4867,deer
4868,deer
4869,deer
487,deer
4870,deer
4871,deer
4872,deer
4873,deer
4874,deer
4875,deer
4876,deer
4877,deer
4878,deer
4879,deer
488,deer
4880,deer
4881,deer
4882,deer
4883,deer
4884,deer
4885,deer
4886,deer
4887,deer
4888,deer
4889,deer
489,deer
4890,deer
4891,deer
4892,deer
4893,deer
4894,deer
4895,deer
4896,deer
4897,deer
4898,deer
4899,deer
49,deer
490,deer
4900,deer
4901,deer
4902,deer
4903,deer
4904,deer
4905,deer
4906,deer
4907,deer
4908,deer
4909,deer
491,deer
4910,deer
4911,deer
4912,deer
4913,deer
4914,deer
4915,deer
4916,deer
4917,deer
4918,deer
4919,deer
492,deer
4920,deer
4921,deer
4922,deer
4923,deer
4924,deer
4925,deer
4926,deer
4927,deer
4928,deer
4929,deer
493,deer
4930,deer
4931,deer
4932,deer
4933,deer
4934,deer
4935,deer
4936,deer
4937,deer
4938,deer
4939,deer
494,deer
4940,deer
4941,deer
4942,deer
4943,deer
4944,deer
4945,deer
4946,deer
4947,deer
4948,deer
4949,deer
495,deer
4950,deer
4951,deer
4952,deer
4953,deer
4954,deer
4955,deer
4956,deer
4957,deer
4958,deer
4959,deer
496,deer
4960,deer
4961,deer
4962,deer
4963,deer
4964,deer
4965,deer
4966,deer
4967,deer
4968,deer
4969,deer
497,deer
4970,deer
4971,deer
4972,deer
4973,deer
4974,deer
4975,deer
4976,deer
4977,deer
4978,deer
4979,deer
498,deer
4980,deer
4981,deer
4982,deer
4983,deer
4984,deer
4985,deer
4986,deer
4987,deer
4988,deer
4989,deer
499,deer
4990,deer
4991,deer
4992,deer
4993,deer
4994,deer
4995,deer
4996,deer
4997,deer
4998,deer
4999,deer
5,deer
50,deer
500,deer
5000,deer
501,deer
502,deer
503,deer
504,deer
505,deer
506,deer
507,deer
508,deer
509,deer
51,deer
510,deer
511,deer
512,deer
513,deer
514,deer
515,deer
516,deer
517,deer
518,deer
519,deer
52,deer
520,deer
521,deer
522,deer
523,deer
524,deer
525,deer
526,deer
527,deer
528,deer
529,deer
53,deer
530,deer
531,deer
532,deer
533,deer
534,deer
535,deer
536,deer
537,deer
538,deer
539,deer
54,deer
540,deer
541,deer
542,deer
543,deer
544,deer
545,deer
546,deer
547,deer
548,deer
549,deer
55,deer
550,deer
551,deer
552,deer
553,deer
554,deer
555,deer
556,deer
557,deer
558,deer
559,deer
56,deer
560,deer
561,deer
562,deer
563,deer
564,deer
565,deer
566,deer
567,deer
568,deer
569,deer
57,deer
570,deer
571,deer
572,deer
573,deer
574,deer
575,deer
576,deer
577,deer
578,deer
579,deer
58,deer
580,deer
581,deer
582,deer
583,deer
584,deer
585,deer
586,deer
587,deer
588,deer
589,deer
59,deer
590,deer
591,deer
592,deer
593,deer
594,deer
595,deer
596,deer
597,deer
598,deer
599,deer
6,deer
60,deer
600,deer
601,deer
602,deer
603,deer
604,deer
605,deer
606,deer
607,deer
608,deer
609,deer
61,deer
610,deer
611,deer
612,deer
613,deer
614,deer
615,deer
616,deer
617,deer
618,deer
619,deer
62,deer
620,deer
621,deer
622,deer
623,deer
624,deer
625,deer
626,deer
627,deer
628,deer
629,deer
63,deer
630,deer
631,deer
632,deer
633,deer
634,deer
635,deer
636,deer
637,deer
638,deer
639,deer
64,deer
640,deer
641,deer
642,deer
643,deer
644,deer
645,deer
646,deer
647,deer
648,deer
649,deer
65,deer
650,deer
651,deer
652,deer
653,deer
654,deer
655,deer
656,deer
657,deer
658,deer
659,deer
66,deer
660,deer
661,deer
662,deer
663,deer
664,deer
665,deer
666,deer
667,deer
668,deer
669,deer
67,deer
670,deer
671,deer
672,deer
673,deer
674,deer
675,deer
676,deer
677,deer
678,deer
679,deer
68,deer
680,deer
681,deer
682,deer
683,deer
684,deer
685,deer
686,deer
687,deer
688,deer
689,deer
69,deer
690,deer
691,deer
692,deer
693,deer
694,deer
695,deer
696,deer
697,deer
698,deer
699,deer
7,deer
70,deer
700,deer
701,deer
702,deer
703,deer
704,deer
705,deer
706,deer
707,deer
708,deer
709,deer
71,deer
710,deer
711,deer
712,deer
713,deer
714,deer
715,deer
716,deer
717,deer
718,deer
719,deer
72,deer
720,deer
721,deer
722,deer
723,deer
724,deer
725,deer
726,deer
727,deer
728,deer
729,deer
73,deer
730,deer
731,deer
732,deer
733,deer
734,deer
735,deer
736,deer
737,deer
738,deer
739,deer
74,deer
740,deer
741,deer
742,deer
743,deer
744,deer
745,deer
746,deer
747,deer
748,deer
749,deer
75,deer
750,deer
751,deer
752,deer
753,deer
754,deer
755,deer
756,deer
757,deer
758,deer
759,deer
76,deer
760,deer
761,deer
762,deer
763,deer
764,deer
765,deer
766,deer
767,deer
768,deer
769,deer
77,deer
770,deer
771,deer
772,deer
773,deer
774,deer
775,deer
776,deer
777,deer
778,deer
779,deer
78,deer
780,deer
781,deer
782,deer
783,deer
784,deer
785,deer
786,deer
787,deer
788,deer
789,deer
79,deer
790,deer
791,deer
792,deer
793,deer
794,deer
795,deer
796,deer
797,deer
798,deer
799,deer
8,deer
80,deer
800,deer
801,deer
802,deer
803,deer
804,deer
805,deer
806,deer
807,deer
808,deer
809,deer
81,deer
810,deer
811,deer
812,deer
813,deer
814,deer
815,deer
816,deer
817,deer
818,deer
819,deer
82,deer
820,deer
821,deer
822,deer
823,deer
824,deer
825,deer
826,deer
827,deer
828,deer
829,deer
83,deer
830,deer
831,deer
832,deer
833,deer
834,deer
835,deer
836,deer
837,deer
838,deer
839,deer
84,deer
840,deer
841,deer
842,deer
843,deer
844,deer
845,deer
846,deer
847,deer
848,deer
849,deer
85,deer
850,deer
851,deer
852,deer
853,deer
854,deer
855,deer
856,deer
857,deer
858,deer
859,deer
86,deer
860,deer
861,deer
862,deer
863,deer
864,deer
865,deer
866,deer
867,deer
868,deer
869,deer
87,deer
870,deer
871,deer
872,deer
873,deer
874,deer
875,deer
876,deer
877,deer
878,deer
879,deer
88,deer
880,deer
881,deer
882,deer
883,deer
884,deer
885,deer
886,deer
887,deer
888,deer
889,deer
89,deer
890,deer
891,deer
892,deer
893,deer
894,deer
895,deer
896,deer
897,deer
898,deer
899,deer
9,deer
90,deer
900,deer
901,deer
902,deer
903,deer
904,deer
905,deer
906,deer
907,deer
908,deer
909,deer
91,deer
910,deer
911,deer
912,deer
913,deer
914,deer
915,deer
916,deer
917,deer
918,deer
919,deer
92,deer
920,deer
921,deer
922,deer
923,deer
924,deer
925,deer
926,deer
927,deer
928,deer
929,deer
93,deer
930,deer
931,deer
932,deer
933,deer
934,deer
935,deer
936,deer
937,deer
938,deer
939,deer
94,deer
940,deer
941,deer
942,deer
943,deer
944,deer
945,deer
946,deer
947,deer
948,deer
949,deer
95,deer
950,deer
951,deer
952,deer
953,deer
954,deer
955,deer
956,deer
957,deer
958,deer
959,deer
96,deer
960,deer
961,deer
962,deer
963,deer
964,deer
965,deer
966,deer
967,deer
968,deer
969,deer
97,deer
970,deer
971,deer
972,deer
973,deer
974,deer
975,deer
976,deer
977,deer
978,deer
979,deer
98,deer
980,deer
981,deer
982,deer
983,deer
984,deer
985,deer
986,deer
987,deer
988,deer
989,deer
99,deer
990,deer
991,deer
992,deer
993,deer
994,deer
995,deer
996,deer
997,deer
998,deer
999,deer
